dataset_code,ossl_file,public_url
AFSIS1,ossl_mir_v1.3.csv.gz,https://storage.googleapis.com/soilspec4gg-public/datasets/AFSIS1/ossl_mir_v1.3.csv.gz
AFSIS1,ossl_mir_v1.3.parquet,https://storage.googleapis.com/soilspec4gg-public/datasets/AFSIS1/ossl_mir_v1.3.parquet
AFSIS1,ossl_soillab_v1.3.csv.gz,https://storage.googleapis.com/soilspec4gg-public/datasets/AFSIS1/ossl_soillab_v1.3.csv.gz
AFSIS1,ossl_soillab_v1.3.parquet,https://storage.googleapis.com/soilspec4gg-public/datasets/AFSIS1/ossl_soillab_v1.3.parquet
AFSIS1,ossl_soilsite_v1.3.csv.gz,https://storage.googleapis.com/soilspec4gg-public/datasets/AFSIS1/ossl_soilsite_v1.3.csv.gz
AFSIS1,ossl_soilsite_v1.3.parquet,https://storage.googleapis.com/soilspec4gg-public/datasets/AFSIS1/ossl_soilsite_v1.3.parquet
AFSIS2,ossl_mir_v1.3.csv.gz,https://storage.googleapis.com/soilspec4gg-public/datasets/AFSIS2/ossl_mir_v1.3.csv.gz
AFSIS2,ossl_mir_v1.3.parquet,https://storage.googleapis.com/soilspec4gg-public/datasets/AFSIS2/ossl_mir_v1.3.parquet
AFSIS2,ossl_soillab_v1.3.csv.gz,https://storage.googleapis.com/soilspec4gg-public/datasets/AFSIS2/ossl_soillab_v1.3.csv.gz
AFSIS2,ossl_soillab_v1.3.parquet,https://storage.googleapis.com/soilspec4gg-public/datasets/AFSIS2/ossl_soillab_v1.3.parquet
AFSIS2,ossl_soilsite_v1.3.csv.gz,https://storage.googleapis.com/soilspec4gg-public/datasets/AFSIS2/ossl_soilsite_v1.3.csv.gz
AFSIS2,ossl_soilsite_v1.3.parquet,https://storage.googleapis.com/soilspec4gg-public/datasets/AFSIS2/ossl_soilsite_v1.3.parquet
AUT,ossl_nir_v1.3.csv.gz,https://storage.googleapis.com/soilspec4gg-public/datasets/AUT/ossl_nir_v1.3.csv.gz
AUT,ossl_nir_v1.3.parquet,https://storage.googleapis.com/soilspec4gg-public/datasets/AUT/ossl_nir_v1.3.parquet
AUT,ossl_soillab_v1.3.csv.gz,https://storage.googleapis.com/soilspec4gg-public/datasets/AUT/ossl_soillab_v1.3.csv.gz
AUT,ossl_soillab_v1.3.parquet,https://storage.googleapis.com/soilspec4gg-public/datasets/AUT/ossl_soillab_v1.3.parquet
AUT,ossl_soilsite_v1.3.csv.gz,https://storage.googleapis.com/soilspec4gg-public/datasets/AUT/ossl_soilsite_v1.3.csv.gz
AUT,ossl_soilsite_v1.3.parquet,https://storage.googleapis.com/soilspec4gg-public/datasets/AUT/ossl_soilsite_v1.3.parquet
BESB,ossl_mir_v1.3.csv.gz,https://storage.googleapis.com/soilspec4gg-public/datasets/BESB/ossl_mir_v1.3.csv.gz
BESB,ossl_mir_v1.3.parquet,https://storage.googleapis.com/soilspec4gg-public/datasets/BESB/ossl_mir_v1.3.parquet
BESB,ossl_soillab_v1.3.csv.gz,https://storage.googleapis.com/soilspec4gg-public/datasets/BESB/ossl_soillab_v1.3.csv.gz
BESB,ossl_soillab_v1.3.parquet,https://storage.googleapis.com/soilspec4gg-public/datasets/BESB/ossl_soillab_v1.3.parquet
BESB,ossl_soilsite_v1.3.csv.gz,https://storage.googleapis.com/soilspec4gg-public/datasets/BESB/ossl_soilsite_v1.3.csv.gz
BESB,ossl_soilsite_v1.3.parquet,https://storage.googleapis.com/soilspec4gg-public/datasets/BESB/ossl_soilsite_v1.3.parquet
BESB,ossl_visnir_v1.3.csv.gz,https://storage.googleapis.com/soilspec4gg-public/datasets/BESB/ossl_visnir_v1.3.csv.gz
BESB,ossl_visnir_v1.3.parquet,https://storage.googleapis.com/soilspec4gg-public/datasets/BESB/ossl_visnir_v1.3.parquet
CAF,ossl_mir_v1.3.csv.gz,https://storage.googleapis.com/soilspec4gg-public/datasets/CAF/ossl_mir_v1.3.csv.gz
CAF,ossl_mir_v1.3.parquet,https://storage.googleapis.com/soilspec4gg-public/datasets/CAF/ossl_mir_v1.3.parquet
CAF,ossl_soillab_v1.3.csv.gz,https://storage.googleapis.com/soilspec4gg-public/datasets/CAF/ossl_soillab_v1.3.csv.gz
CAF,ossl_soillab_v1.3.parquet,https://storage.googleapis.com/soilspec4gg-public/datasets/CAF/ossl_soillab_v1.3.parquet
CAF,ossl_soilsite_v1.3.csv.gz,https://storage.googleapis.com/soilspec4gg-public/datasets/CAF/ossl_soilsite_v1.3.csv.gz
CAF,ossl_soilsite_v1.3.parquet,https://storage.googleapis.com/soilspec4gg-public/datasets/CAF/ossl_soilsite_v1.3.parquet
GEMAS,ossl_mir_v1.3.csv.gz,https://storage.googleapis.com/soilspec4gg-public/datasets/GEMAS/ossl_mir_v1.3.csv.gz
GEMAS,ossl_mir_v1.3.parquet,https://storage.googleapis.com/soilspec4gg-public/datasets/GEMAS/ossl_mir_v1.3.parquet
GEMAS,ossl_soillab_v1.3.csv.gz,https://storage.googleapis.com/soilspec4gg-public/datasets/GEMAS/ossl_soillab_v1.3.csv.gz
GEMAS,ossl_soillab_v1.3.parquet,https://storage.googleapis.com/soilspec4gg-public/datasets/GEMAS/ossl_soillab_v1.3.parquet
GEMAS,ossl_soilsite_v1.3.csv.gz,https://storage.googleapis.com/soilspec4gg-public/datasets/GEMAS/ossl_soilsite_v1.3.csv.gz
GEMAS,ossl_soilsite_v1.3.parquet,https://storage.googleapis.com/soilspec4gg-public/datasets/GEMAS/ossl_soilsite_v1.3.parquet
GPKOR,ossl_nir_v1.3.csv.gz,https://storage.googleapis.com/soilspec4gg-public/datasets/GPKOR/ossl_nir_v1.3.csv.gz
GPKOR,ossl_nir_v1.3.parquet,https://storage.googleapis.com/soilspec4gg-public/datasets/GPKOR/ossl_nir_v1.3.parquet
GPKOR,ossl_soillab_v1.3.csv.gz,https://storage.googleapis.com/soilspec4gg-public/datasets/GPKOR/ossl_soillab_v1.3.csv.gz
GPKOR,ossl_soillab_v1.3.parquet,https://storage.googleapis.com/soilspec4gg-public/datasets/GPKOR/ossl_soillab_v1.3.parquet
GPKOR,ossl_soilsite_v1.3.csv.gz,https://storage.googleapis.com/soilspec4gg-public/datasets/GPKOR/ossl_soilsite_v1.3.csv.gz
GPKOR,ossl_soilsite_v1.3.parquet,https://storage.googleapis.com/soilspec4gg-public/datasets/GPKOR/ossl_soilsite_v1.3.parquet
Geocradle,ossl_soillab_v1.3.csv.gz,https://storage.googleapis.com/soilspec4gg-public/datasets/Geocradle/ossl_soillab_v1.3.csv.gz
Geocradle,ossl_soillab_v1.3.parquet,https://storage.googleapis.com/soilspec4gg-public/datasets/Geocradle/ossl_soillab_v1.3.parquet
Geocradle,ossl_soilsite_v1.3.csv.gz,https://storage.googleapis.com/soilspec4gg-public/datasets/Geocradle/ossl_soilsite_v1.3.csv.gz
Geocradle,ossl_soilsite_v1.3.parquet,https://storage.googleapis.com/soilspec4gg-public/datasets/Geocradle/ossl_soilsite_v1.3.parquet
Geocradle,ossl_visnir_v1.3.csv.gz,https://storage.googleapis.com/soilspec4gg-public/datasets/Geocradle/ossl_visnir_v1.3.csv.gz
Geocradle,ossl_visnir_v1.3.parquet,https://storage.googleapis.com/soilspec4gg-public/datasets/Geocradle/ossl_visnir_v1.3.parquet
HLF_CAN,ossl_mir_v1.3.csv.gz,https://storage.googleapis.com/soilspec4gg-public/datasets/HLF_CAN/ossl_mir_v1.3.csv.gz
HLF_CAN,ossl_mir_v1.3.parquet,https://storage.googleapis.com/soilspec4gg-public/datasets/HLF_CAN/ossl_mir_v1.3.parquet
HLF_CAN,ossl_soillab_v1.3.csv.gz,https://storage.googleapis.com/soilspec4gg-public/datasets/HLF_CAN/ossl_soillab_v1.3.csv.gz
HLF_CAN,ossl_soillab_v1.3.parquet,https://storage.googleapis.com/soilspec4gg-public/datasets/HLF_CAN/ossl_soillab_v1.3.parquet
HLF_CAN,ossl_soilsite_v1.3.csv.gz,https://storage.googleapis.com/soilspec4gg-public/datasets/HLF_CAN/ossl_soilsite_v1.3.csv.gz
HLF_CAN,ossl_soilsite_v1.3.parquet,https://storage.googleapis.com/soilspec4gg-public/datasets/HLF_CAN/ossl_soilsite_v1.3.parquet
HSDOS,ossl_soillab_v1.3.csv.gz,https://storage.googleapis.com/soilspec4gg-public/datasets/HSDOS/ossl_soillab_v1.3.csv.gz
HSDOS,ossl_soillab_v1.3.parquet,https://storage.googleapis.com/soilspec4gg-public/datasets/HSDOS/ossl_soillab_v1.3.parquet
HSDOS,ossl_soilsite_v1.3.csv.gz,https://storage.googleapis.com/soilspec4gg-public/datasets/HSDOS/ossl_soilsite_v1.3.csv.gz
HSDOS,ossl_soilsite_v1.3.parquet,https://storage.googleapis.com/soilspec4gg-public/datasets/HSDOS/ossl_soilsite_v1.3.parquet
HSDOS,ossl_visnir_v1.3.csv.gz,https://storage.googleapis.com/soilspec4gg-public/datasets/HSDOS/ossl_visnir_v1.3.csv.gz
HSDOS,ossl_visnir_v1.3.parquet,https://storage.googleapis.com/soilspec4gg-public/datasets/HSDOS/ossl_visnir_v1.3.parquet
ICRAF_ISRIC,ossl_mir_v1.3.csv.gz,https://storage.googleapis.com/soilspec4gg-public/datasets/ICRAF_ISRIC/ossl_mir_v1.3.csv.gz
ICRAF_ISRIC,ossl_mir_v1.3.parquet,https://storage.googleapis.com/soilspec4gg-public/datasets/ICRAF_ISRIC/ossl_mir_v1.3.parquet
ICRAF_ISRIC,ossl_soillab_v1.3.csv.gz,https://storage.googleapis.com/soilspec4gg-public/datasets/ICRAF_ISRIC/ossl_soillab_v1.3.csv.gz
ICRAF_ISRIC,ossl_soillab_v1.3.parquet,https://storage.googleapis.com/soilspec4gg-public/datasets/ICRAF_ISRIC/ossl_soillab_v1.3.parquet
ICRAF_ISRIC,ossl_soilsite_v1.3.csv.gz,https://storage.googleapis.com/soilspec4gg-public/datasets/ICRAF_ISRIC/ossl_soilsite_v1.3.csv.gz
ICRAF_ISRIC,ossl_soilsite_v1.3.parquet,https://storage.googleapis.com/soilspec4gg-public/datasets/ICRAF_ISRIC/ossl_soilsite_v1.3.parquet
ICRAF_ISRIC,ossl_visnir_v1.3.csv.gz,https://storage.googleapis.com/soilspec4gg-public/datasets/ICRAF_ISRIC/ossl_visnir_v1.3.csv.gz
ICRAF_ISRIC,ossl_visnir_v1.3.parquet,https://storage.googleapis.com/soilspec4gg-public/datasets/ICRAF_ISRIC/ossl_visnir_v1.3.parquet
LF_BRA,ossl_soillab_v1.3.csv.gz,https://storage.googleapis.com/soilspec4gg-public/datasets/LF_BRA/ossl_soillab_v1.3.csv.gz
LF_BRA,ossl_soillab_v1.3.parquet,https://storage.googleapis.com/soilspec4gg-public/datasets/LF_BRA/ossl_soillab_v1.3.parquet
LF_BRA,ossl_soilsite_v1.3.csv.gz,https://storage.googleapis.com/soilspec4gg-public/datasets/LF_BRA/ossl_soilsite_v1.3.csv.gz
LF_BRA,ossl_soilsite_v1.3.parquet,https://storage.googleapis.com/soilspec4gg-public/datasets/LF_BRA/ossl_soilsite_v1.3.parquet
LF_BRA,ossl_visnir_v1.3.csv.gz,https://storage.googleapis.com/soilspec4gg-public/datasets/LF_BRA/ossl_visnir_v1.3.csv.gz
LF_BRA,ossl_visnir_v1.3.parquet,https://storage.googleapis.com/soilspec4gg-public/datasets/LF_BRA/ossl_visnir_v1.3.parquet
LUCAS,ossl_mir_v1.3.csv.gz,https://storage.googleapis.com/soilspec4gg-public/datasets/LUCAS/ossl_mir_v1.3.csv.gz
LUCAS,ossl_mir_v1.3.parquet,https://storage.googleapis.com/soilspec4gg-public/datasets/LUCAS/ossl_mir_v1.3.parquet
LUCAS,ossl_soillab_v1.3.csv.gz,https://storage.googleapis.com/soilspec4gg-public/datasets/LUCAS/ossl_soillab_v1.3.csv.gz
LUCAS,ossl_soillab_v1.3.parquet,https://storage.googleapis.com/soilspec4gg-public/datasets/LUCAS/ossl_soillab_v1.3.parquet
LUCAS,ossl_soilsite_v1.3.csv.gz,https://storage.googleapis.com/soilspec4gg-public/datasets/LUCAS/ossl_soilsite_v1.3.csv.gz
LUCAS,ossl_soilsite_v1.3.parquet,https://storage.googleapis.com/soilspec4gg-public/datasets/LUCAS/ossl_soilsite_v1.3.parquet
LUCAS,ossl_visnir_v1.3.csv.gz,https://storage.googleapis.com/soilspec4gg-public/datasets/LUCAS/ossl_visnir_v1.3.csv.gz
LUCAS,ossl_visnir_v1.3.parquet,https://storage.googleapis.com/soilspec4gg-public/datasets/LUCAS/ossl_visnir_v1.3.parquet
MTQ,ossl_nir_v1.3.csv.gz,https://storage.googleapis.com/soilspec4gg-public/datasets/MTQ/ossl_nir_v1.3.csv.gz
MTQ,ossl_nir_v1.3.parquet,https://storage.googleapis.com/soilspec4gg-public/datasets/MTQ/ossl_nir_v1.3.parquet
MTQ,ossl_soillab_v1.3.csv.gz,https://storage.googleapis.com/soilspec4gg-public/datasets/MTQ/ossl_soillab_v1.3.csv.gz
MTQ,ossl_soillab_v1.3.parquet,https://storage.googleapis.com/soilspec4gg-public/datasets/MTQ/ossl_soillab_v1.3.parquet
MTQ,ossl_soilsite_v1.3.csv.gz,https://storage.googleapis.com/soilspec4gg-public/datasets/MTQ/ossl_soilsite_v1.3.csv.gz
MTQ,ossl_soilsite_v1.3.parquet,https://storage.googleapis.com/soilspec4gg-public/datasets/MTQ/ossl_soilsite_v1.3.parquet
NEON,ossl_mir_v1.3.csv.gz,https://storage.googleapis.com/soilspec4gg-public/datasets/NEON/ossl_mir_v1.3.csv.gz
NEON,ossl_mir_v1.3.parquet,https://storage.googleapis.com/soilspec4gg-public/datasets/NEON/ossl_mir_v1.3.parquet
NEON,ossl_soillab_v1.3.csv.gz,https://storage.googleapis.com/soilspec4gg-public/datasets/NEON/ossl_soillab_v1.3.csv.gz
NEON,ossl_soillab_v1.3.parquet,https://storage.googleapis.com/soilspec4gg-public/datasets/NEON/ossl_soillab_v1.3.parquet
NEON,ossl_soilsite_v1.3.csv.gz,https://storage.googleapis.com/soilspec4gg-public/datasets/NEON/ossl_soilsite_v1.3.csv.gz
NEON,ossl_soilsite_v1.3.parquet,https://storage.googleapis.com/soilspec4gg-public/datasets/NEON/ossl_soilsite_v1.3.parquet
Neospectra,ossl_mir_v1.3.csv.gz,https://storage.googleapis.com/soilspec4gg-public/datasets/Neospectra/ossl_mir_v1.3.csv.gz
Neospectra,ossl_mir_v1.3.parquet,https://storage.googleapis.com/soilspec4gg-public/datasets/Neospectra/ossl_mir_v1.3.parquet
Neospectra,ossl_nir_v1.3.csv.gz,https://storage.googleapis.com/soilspec4gg-public/datasets/Neospectra/ossl_nir_v1.3.csv.gz
Neospectra,ossl_nir_v1.3.parquet,https://storage.googleapis.com/soilspec4gg-public/datasets/Neospectra/ossl_nir_v1.3.parquet
Neospectra,ossl_soillab_v1.3.csv.gz,https://storage.googleapis.com/soilspec4gg-public/datasets/Neospectra/ossl_soillab_v1.3.csv.gz
Neospectra,ossl_soillab_v1.3.parquet,https://storage.googleapis.com/soilspec4gg-public/datasets/Neospectra/ossl_soillab_v1.3.parquet
Neospectra,ossl_soilsite_v1.3.csv.gz,https://storage.googleapis.com/soilspec4gg-public/datasets/Neospectra/ossl_soilsite_v1.3.csv.gz
Neospectra,ossl_soilsite_v1.3.parquet,https://storage.googleapis.com/soilspec4gg-public/datasets/Neospectra/ossl_soilsite_v1.3.parquet
PF_NZL,ossl_mir_v1.3.csv.gz,https://storage.googleapis.com/soilspec4gg-public/datasets/PF_NZL/ossl_mir_v1.3.csv.gz
PF_NZL,ossl_mir_v1.3.parquet,https://storage.googleapis.com/soilspec4gg-public/datasets/PF_NZL/ossl_mir_v1.3.parquet
PF_NZL,ossl_soillab_v1.3.csv.gz,https://storage.googleapis.com/soilspec4gg-public/datasets/PF_NZL/ossl_soillab_v1.3.csv.gz
PF_NZL,ossl_soillab_v1.3.parquet,https://storage.googleapis.com/soilspec4gg-public/datasets/PF_NZL/ossl_soillab_v1.3.parquet
PF_NZL,ossl_soilsite_v1.3.csv.gz,https://storage.googleapis.com/soilspec4gg-public/datasets/PF_NZL/ossl_soilsite_v1.3.csv.gz
PF_NZL,ossl_soilsite_v1.3.parquet,https://storage.googleapis.com/soilspec4gg-public/datasets/PF_NZL/ossl_soilsite_v1.3.parquet
SRB,ossl_mir_v1.3.csv.gz,https://storage.googleapis.com/soilspec4gg-public/datasets/SRB/ossl_mir_v1.3.csv.gz
SRB,ossl_mir_v1.3.parquet,https://storage.googleapis.com/soilspec4gg-public/datasets/SRB/ossl_mir_v1.3.parquet
SRB,ossl_soillab_v1.3.csv.gz,https://storage.googleapis.com/soilspec4gg-public/datasets/SRB/ossl_soillab_v1.3.csv.gz
SRB,ossl_soillab_v1.3.parquet,https://storage.googleapis.com/soilspec4gg-public/datasets/SRB/ossl_soillab_v1.3.parquet
SRB,ossl_soilsite_v1.3.csv.gz,https://storage.googleapis.com/soilspec4gg-public/datasets/SRB/ossl_soilsite_v1.3.csv.gz
SRB,ossl_soilsite_v1.3.parquet,https://storage.googleapis.com/soilspec4gg-public/datasets/SRB/ossl_soilsite_v1.3.parquet
WS_SWIND,ossl_mir_v1.3.csv.gz,https://storage.googleapis.com/soilspec4gg-public/datasets/WS_SWIND/ossl_mir_v1.3.csv.gz
WS_SWIND,ossl_mir_v1.3.parquet,https://storage.googleapis.com/soilspec4gg-public/datasets/WS_SWIND/ossl_mir_v1.3.parquet
WS_SWIND,ossl_soillab_v1.3.csv.gz,https://storage.googleapis.com/soilspec4gg-public/datasets/WS_SWIND/ossl_soillab_v1.3.csv.gz
WS_SWIND,ossl_soillab_v1.3.parquet,https://storage.googleapis.com/soilspec4gg-public/datasets/WS_SWIND/ossl_soillab_v1.3.parquet
WS_SWIND,ossl_soilsite_v1.3.csv.gz,https://storage.googleapis.com/soilspec4gg-public/datasets/WS_SWIND/ossl_soilsite_v1.3.csv.gz
WS_SWIND,ossl_soilsite_v1.3.parquet,https://storage.googleapis.com/soilspec4gg-public/datasets/WS_SWIND/ossl_soilsite_v1.3.parquet
